{
	"id": "hauptsignalkennlichtzs3v1_head",
	"name": "Hauptsignal mit Kennlicht und Zs3 Kopf",
	"model": "signalpack/hauptsignalkennlichtzs3/hauptsignalkennlichtzs3_head/hauptsignalkennlichtzs3.obj",
	"translation": [
		0.77,
		0.40,
		0.77
	],
	"itemTranslation": [
		0.5,
		-1.0,
		0.0
	],
	"scaling": [
		0.63,
		0.63,
		0.63
	],
	"states": [
		"hp1",
		"hp2",
		"hp1zs315",
		"hp1zs314",
		"hp1zs313",
		"hp1zs312",
		"hp1zs311",
		"hp1zs310",
		"hp1zs39",
		"hp1zs38",
		"hp1zs37",
		"hp2zs36",
		"hp2zs35",
		"hp2zs34",
		"hp2zs33",
		"hp2zs32",
		"hp2zs31",
		"sh1",
		"zs1",
		"kennlicht"
	]
}