{
	"id": "vorunterhauptsignalzs3v1_head",
	"name": "Vorsignal mit Zs3v Kopf unter Hauptsignal",
	"model": "signalpack/vorunterhauptsignalzs3v/vorunterhauptsignalzs3v_head/vorunterhauptsignalzs3v.obj",
	"translation": [
		0.77,
		-0.40,
		0.77
	],
	"itemTranslation": [
		0.5,
		-1.0,
		0.0
	],
	"scaling": [
		0.63,
		0.63,
		0.63
	],
	"states": [
		"vr1",
		"vr2",
		"vr1zs3v15",
		"vr1zs3v14",
		"vr1zs3v13",
		"vr1zs3v12",
		"vr1zs3v11",
		"vr1zs3v10",
		"vr1zs3v9",
		"vr1zs3v8",
		"vr1zs3v7",
		"vr2zs3v6",
		"vr2zs3v5",
		"vr2zs3v4",
		"vr2zs3v3",
		"vr2zs3v2",
		"vr2zs3v1",
		"off"
	]
}