{
	"id": "anzeiger1_head",
	"name": "Anzeiger Kopf",
	"model": "signalpack/anzeiger/anzeiger_head/anzeiger_head.obj",
	"translation": [
		0.77,
		-1.2,
		0.77
	],
	"itemTranslation": [
		0.5,
		-1.0,
		0.0
	],
	"scaling": [
		0.63,
		0.63,
		0.63
	],
	"states": [
		"zp9",
		"zp10",
		"zs6",
		"zs13",
		"zs2a",
		"zs2b",
		"zs2c",
		"zs2d",
		"zs2e",
		"zs2f",
		"zs2g",
		"zs2h",
		"zs2i",
		"zs2j",
		"zs2k",
		"zs2l",
		"zs2m",
		"zs2n",
		"zs2o",
		"zs2p",
		"zs2q",
		"zs2r",
		"zs2s",
		"zs2t",
		"zs2u",
		"zs2v",
		"zs2w",
		"zs2x",
		"zs2y",
		"zs2z",
		"zs2va",
		"zs2vb",
		"zs2vc",
		"zs2vd",
		"zs2ve",
		"zs2vf",
		"zs2vg",
		"zs2vh",
		"zs2vi",
		"zs2vj",
		"zs2vk",
		"zs2vl",
		"zs2vm",
		"zs2vn",
		"zs2vo",
		"zs2vp",
		"zs2vq",
		"zs2vr",
		"zs2vs",
		"zs2vt",
		"zs2vu",
		"zs2vv",
		"zs2vw",
		"zs2vx",
		"zs2vy",
		"zs2vz",
		"zs31",
		"zs32",
		"zs33",
		"zs34",
		"zs35",
		"zs36",
		"zs37",
		"zs38",
		"zs39",
		"zs310",
		"zs311",
		"zs312",
		"zs313",
		"zs314",
		"zs315",
		"zs3v1",
		"zs3v2",
		"zs3v3",
		"zs3v4",
		"zs3v5",
		"zs3v6",
		"zs3v7",
		"zs3v8",
		"zs3v9",
		"zs3v10",
		"zs3v11",
		"zs3v12",
		"zs3v13",
		"zs3v14",
		"zs3v15"
	]
}