{
	"id": "zs3_head",
	"name": "Zs3 oben",
	"model": "kssignale/vorsignale/zs3_head/zs3.obj",
	"translation": [
		0.77,
		-0.28,
		0.77
	],
	"itemTranslation": [
		0.5,
		0.0,
		0.5
	],
	"scaling": [
		0.63,
		0.63,
		0.63
	],
	"states": [
		"1",
		"2",
                "3",
                "4",
                "5",
                "6",
                "7",
                "8",
                "9",
                "10",
                "11",
                "12",
                "13",
                "14",
                "15"
	]
}