{
	"id": "kshauptvorsignalsh1kennlicht_head",
	"name": "KS VS (Sh1+Kennlicht)",
	"model": "kssignale/hauptsignale/kshauptvorsignalsh1kennlicht_head/kshauptvorsignalsh1kennlicht.obj",
	"translation": [
	        0.77,
		0.0,
		0.77
	],
	"itemTranslation": [
		0.5,
		-1.0,
		0.5
	],
	"scaling": [
		0.63,
		0.63,
		0.63
	],
	"states": [
		"aus",
                "kennlicht",
		"ks1",
                "ks1k",
                "ks2",
                "ks2k",
		"sh1",
                "zs1"
	]
}