{
	"id": "zs3v_head",
	"name": "Anzeiger+Mast",
	"model": "kssignale/vorsignale/zs3v_head/zs3v.obj",
	"translation": [
		0.77,
		0.0,
		0.77
	],
	"itemTranslation": [
		0.5,
		0.0,
		0.5
	],
	"scaling": [
		0.63,
		0.63,
		0.63
	],
	"states": [
                "zp9",
                "zs6",
                "zs13",
		"1v",
		"2v",
                "3v",
                "4v",
                "5v",
                "6v",
                "7v",
                "8v",
                "9v",
                "10v",
                "11v",
                "12v",
                "13v",
                "14v",
                "15v"
	]
}